"therealfilename","thefilenametheusersees","thebuttontexttheusersees"
"41_matthew-15june_1041.pdf","Matthieu.pdf","MATTHIEU"
"42_mark-14june_1032.pdf","Marc.pdf","MARC"
"43_luke-14june_1046.pdf","Luc.pdf","LUC"
"44_john-14june_1110.pdf","Jean.pdf","JEAN"
"45_acts-14june_1118.pdf","Actes.pdf","ACTES"
"46_romans-10june_1550.pdf","Romains.pdf","ROMAINS"
"47_1cor-14june_1123.pdf","1 Corinthiens.pdf","1 CORINTHIENS"
"48_2cor-10june_1610.pdf","2 Corinthiens.pdf","2 CORINTHIENS"
"49_galates-10june_1616.pdf","Galates.pdf","GALATES"
"50_ephesiens-10june_1623.pdf","Ephésiens.pdf","ÉPHÉSIENS"
"51_philippians-10june_1628.pdf","Philippiens.pdf","PHILIPPIENS"
"52_colossians-14june_1150.pdf","Colossiens.pdf","COLOSSIENS"
"53_1thess-10june_1653.pdf","1 Thessaloniciens.pdf","1 THESSALONICIENS"
"54_2thess-10june_1828.pdf","2 Thessaloniciens.pdf","2 THESSALONICIENS"
"55_1tim-10june_1841.pdf","1 Timothée.pdf","1 TIMOTHÉE"
"56_2tim-10june_1944.pdf","2 Timothée.pdf","2 TIMOTHÉE"
"57_titus-10june_1954.pdf","Tite.pdf","TITE"
"58_philemon-10june_2001.pdf","Philémon.pdf","PHILÉMON"
"59_hebrews-11june_1154.pdf","Hébreux.pdf","HÉBREUX"
"60_james-10june_2051.pdf","Jacques.pdf","JACQUES"
"61_1peter-11june_1256.pdf","1 Pierre.pdf","1 PIERRE"
"62_2peter-11june_1254.pdf","2 Pierre.pdf","2 PIERRE"
"63_1john-11june_1615.pdf","1 Jean.pdf","1 JEAN"
"64_2john-11june_1632.pdf","2 Jean.pdf","2 JEAN"
"65_3john-11june_1650.pdf","3 Jean.pdf","3 JEAN"
"66_jude-14june_1539.pdf","Jude.pdf","JUDE"
"67_revelation-11june_1725.pdf","Apocalypse.pdf","APOCALYPSE"
